entities,test,framework,unit,timestamp,median,mean,stddev,min,max,rounds
10,add_empty_entity,echoes,s,2024-02-03 22:41:22Z,0.000001042,0.000001089,0.000000451,0.000000917,0.000037958,699975
10,add_empty_entity,echoes,kb,2024-02-03 22:41:23Z,0.3906,0.3906,0.0005,0.3906,0.8438,684622
10,add_empty_entity,lovetoys,s,2024-02-03 22:41:24Z,0.000002708,0.000003149,0.000001466,0.000002458,0.00024925,255449
10,add_empty_entity,lovetoys,kb,2024-02-03 22:41:26Z,5.2656,5.2656,0.0009,5.2656,5.7188,280265
10,add_empty_entity,tinyecs,s,2024-02-03 22:41:27Z,0.000001083,0.000001126,0.000000359,0.000000958,0.000043833,656753
10,add_empty_entity,tinyecs,kb,2024-02-03 22:41:28Z,1.7656,1.7656,0.0006,1.7656,2.2188,645075
10,add_empty_entity,ecs-lua,s,2024-02-03 22:41:30Z,0.000002917,0.000003156,0.000001032,0.000002583,0.000091625,235509
10,add_empty_entity,ecs-lua,kb,2024-02-03 22:41:31Z,9.2188,9.2188,0.0007,9.2188,9.5508,245511
10,add_empty_entity,nata,s,2024-02-03 22:41:33Z,0.000004167,0.000004295,0.000001068,0.000003917,0.000118917,188630
10,add_empty_entity,nata,kb,2024-02-03 22:41:34Z,1.9531,1.9531,0,1.9531,1.9531,190204
10,add_empty_entity,concord,s,2024-02-03 22:41:36Z,0.0000025,0.00000264,0.000001913,0.000002167,0.0003885,188443
10,add_empty_entity,concord,kb,2024-02-03 22:41:37Z,3.9219,3.922,0.0126,3.9219,6.7695,187720
10,add_entities,echoes,s,2024-02-03 22:41:38Z,0.00000525,0.000005304,0.00000111,0.000005042,0.000245708,169731
10,add_entities,echoes,kb,2024-02-03 22:41:40Z,12.8125,12.8125,0.0011,12.8125,13.2656,169437
10,add_entities,lovetoys,s,2024-02-03 22:41:41Z,0.000004875,0.000005014,0.000001152,0.000004583,0.000183208,172552
10,add_entities,lovetoys,kb,2024-02-03 22:41:43Z,9.3594,9.3594,0.0011,9.3594,9.8125,174872
10,add_entities,tinyecs,s,2024-02-03 22:41:44Z,0.000001458,0.000001512,0.00000038,0.00000125,0.000039042,489964
10,add_entities,tinyecs,kb,2024-02-03 22:41:46Z,3.9844,3.9844,0.0006,3.9844,4.4375,489655
10,add_entities,ecs-lua,s,2024-02-03 22:41:47Z,0.00000875,0.000008854,0.000001301,0.000008125,0.000108583,101088
10,add_entities,ecs-lua,kb,2024-02-03 22:41:49Z,20,20,0,20,20,101029
10,add_entities,nata,s,2024-02-03 22:41:50Z,0.0000045,0.000004599,0.000000793,0.00000425,0.00008175,180093
10,add_entities,nata,kb,2024-02-03 22:41:51Z,4.1719,4.1719,0.0008,4.1719,4.5039,179097
10,add_entities,concord,s,2024-02-03 22:41:53Z,0.000004208,0.00000444,0.000002245,0.000003833,0.000288875,136848
10,add_entities,concord,kb,2024-02-03 22:41:54Z,9.8594,9.8598,0.0313,9.8594,16.7617,139553
10,remove_entities,echoes,s,2024-02-03 22:41:55Z,0.000006042,0.000006145,0.000001544,0.000005708,0.00014875,79256
10,remove_entities,echoes,kb,2024-02-03 22:41:57Z,4.7656,4.7656,0.0016,4.7656,5.2188,79296
10,remove_entities,lovetoys,s,2024-02-03 22:41:58Z,0.000000375,0.000000406,0.000000668,0.000000292,0.000064583,80801
10,remove_entities,lovetoys,kb,2024-02-03 22:41:59Z,0.0001,0.0001,0.0016,0.0001,0.4531,79932
10,remove_entities,tinyecs,s,2024-02-03 22:42:00Z,0.000001333,0.000001391,0.000000352,0.000001167,0.000066792,400124
10,remove_entities,tinyecs,kb,2024-02-03 22:42:02Z,0.7031,0.7031,0.0007,0.7031,1.1563,389640
10,remove_entities,ecs-lua,s,2024-02-03 22:42:03Z,0.000000542,0.000000559,0.000000456,0.000000417,0.000034292,90185
10,remove_entities,ecs-lua,kb,2024-02-03 22:42:05Z,1.1016,1.1016,0,1.1016,1.1016,90199
10,remove_entities,concord,s,2024-02-03 22:42:06Z,0.000002583,0.000003597,0.000008684,0.000002,0.000374083,70917
10,remove_entities,concord,kb,2024-02-03 22:42:07Z,0.7969,0.9188,0.9716,0.7969,30.9063,60181
10,get_component,echoes,s,2024-02-03 22:42:09Z,0.000000083,0.00000009,0.000000313,0.000000001,0.000047917,142251
10,get_component,echoes,kb,2024-02-03 22:42:10Z,0.0001,0.0001,0.0012,0.0001,0.4531,139436
10,get_component,lovetoys,s,2024-02-03 22:42:11Z,0.000000083,0.000000066,0.000000108,0.000000001,0.000013708,82566
10,get_component,lovetoys,kb,2024-02-03 22:42:12Z,0.0001,0.0001,0.0016,0.0001,0.4531,83005
10,get_component,tinyecs,s,2024-02-03 22:42:14Z,0.000000042,0.000000043,0.00000005,0.000000001,0.000026167,837287
10,get_component,tinyecs,kb,2024-02-03 22:42:15Z,0.0001,0.0001,0.0005,0.0001,0.4531,823069
10,get_component,ecs-lua,s,2024-02-03 22:42:17Z,0.000000167,0.000000175,0.000000167,0.000000083,0.00002325,84091
10,get_component,ecs-lua,kb,2024-02-03 22:42:19Z,0.8594,0.8594,0.0016,0.8594,1.3125,82967
10,get_component,nata,s,2024-02-03 22:42:20Z,0.000000042,0.000000044,0.000000077,0.000000001,0.000022792,169186
10,get_component,nata,kb,2024-02-03 22:42:22Z,0.0001,0.0001,0.0011,0.0001,0.4531,169658
10,get_component,concord,s,2024-02-03 22:42:23Z,0.000000042,0.000000054,0.000000487,0.000000001,0.000035292,126614
10,get_component,concord,kb,2024-02-03 22:42:24Z,0.0001,0.0001,0.0013,0.0001,0.4531,130639
10,get_components,echoes,s,2024-02-03 22:42:25Z,0.000000083,0.000000092,0.000000378,0.000000001,0.000064333,105793
10,get_components,echoes,kb,2024-02-03 22:42:27Z,0.0001,0.0001,0.0014,0.0001,0.4531,103887
10,get_components,lovetoys,s,2024-02-03 22:42:28Z,0.000000083,0.000000072,0.000000108,0.000000001,0.000017875,82647
10,get_components,lovetoys,kb,2024-02-03 22:42:29Z,0.0001,0.0001,0.0016,0.0001,0.4531,81855
10,get_components,tinyecs,s,2024-02-03 22:42:30Z,0.000000042,0.000000057,0.000000067,0.000000001,0.000026042,909988
10,get_components,tinyecs,kb,2024-02-03 22:42:32Z,0.0001,0.0001,0.0005,0.0001,0.4531,878728
10,get_components,ecs-lua,s,2024-02-03 22:42:34Z,0.000001875,0.000001935,0.000000885,0.000001625,0.000093833,72228
10,get_components,ecs-lua,kb,2024-02-03 22:42:36Z,2.2656,2.2656,0,2.2656,2.2656,71895
10,get_components,nata,s,2024-02-03 22:42:37Z,0.000000042,0.000000056,0.000000046,0.000000001,0.000008792,171816
10,get_components,nata,kb,2024-02-03 22:42:38Z,0.0001,0.0001,0.0011,0.0001,0.4531,171534
10,get_components,concord,s,2024-02-03 22:42:40Z,0.000000042,0.00000005,0.000000151,0.000000001,0.000027625,112032
10,get_components,concord,kb,2024-02-03 22:42:41Z,0.0001,0.0001,0.0053,0.0001,0.7344,120975
10,add_component,echoes,s,2024-02-03 22:42:42Z,0.00000175,0.000001831,0.000000688,0.000001583,0.000115458,245356
10,add_component,echoes,kb,2024-02-03 22:42:44Z,8.2031,8.2031,0.0009,8.2031,8.6563,247013
10,add_component,lovetoys,s,2024-02-03 22:42:45Z,0.000002542,0.000002581,0.000000616,0.000002333,0.000055458,140582
10,add_component,lovetoys,kb,2024-02-03 22:42:46Z,2.8906,2.8906,0,2.8906,2.8906,134609
10,add_component,tinyecs,s,2024-02-03 22:42:48Z,0.000000292,0.000000299,0.000000228,0.000000167,0.000026292,942896
10,add_component,tinyecs,kb,2024-02-03 22:42:49Z,1.5625,1.5625,0.0005,1.5625,2.0156,911046
10,add_component,ecs-lua,s,2024-02-03 22:42:51Z,0.0000025,0.000002509,0.000000722,0.000002292,0.000209667,164085
10,add_component,ecs-lua,kb,2024-02-03 22:42:53Z,3.75,3.75,0,3.75,3.75,162856
10,add_component,nata,s,2024-02-03 22:42:54Z,0.000000292,0.000000312,0.000000144,0.000000208,0.000026875,176929
10,add_component,nata,kb,2024-02-03 22:42:55Z,1.5625,1.5625,0.0011,1.5625,2.0156,176716
10,add_component,concord,s,2024-02-03 22:42:57Z,0.000000875,0.000000924,0.00000045,0.00000075,0.000062625,185378
10,add_component,concord,kb,2024-02-03 22:42:58Z,2.5,2.5,0.001,2.5,2.9531,186625
10,add_components,echoes,s,2024-02-03 22:42:59Z,0.00000675,0.000006881,0.000001546,0.000006333,0.000220917,102347
10,add_components,echoes,kb,2024-02-03 22:43:01Z,12.4219,12.4219,0,12.4219,12.4219,101926
10,add_components,lovetoys,s,2024-02-03 22:43:02Z,0.000007167,0.000007385,0.000001436,0.00000675,0.000172583,83397
10,add_components,lovetoys,kb,2024-02-03 22:43:03Z,7.8125,7.8125,0,7.8125,7.8125,83313
10,add_components,tinyecs,s,2024-02-03 22:43:04Z,0.000000708,0.00000073,0.00000026,0.000000583,0.000036542,673535
10,add_components,tinyecs,kb,2024-02-03 22:43:06Z,3.125,3.125,0.0006,3.125,3.5781,661587
10,add_components,ecs-lua,s,2024-02-03 22:43:08Z,0.000008125,0.00000826,0.000001709,0.000007792,0.000260083,83597
10,add_components,ecs-lua,kb,2024-02-03 22:43:09Z,13.3594,13.3594,0,13.3594,13.3594,83120
10,add_components,nata,s,2024-02-03 22:43:10Z,0.000000792,0.000000828,0.000000388,0.000000708,0.000032208,159558
10,add_components,nata,kb,2024-02-03 22:43:12Z,3.75,3.75,0.0011,3.75,4.2031,159512
10,add_components,concord,s,2024-02-03 22:43:13Z,0.000002458,0.000002561,0.000000839,0.000002292,0.000189125,145499
10,add_components,concord,kb,2024-02-03 22:43:15Z,7.5,7.5,0.0012,7.5,7.9531,144410
10,remove_component,echoes,s,2024-02-03 22:43:16Z,0.000002917,0.00000299,0.000001246,0.000002792,0.000233792,77783
10,remove_component,echoes,kb,2024-02-03 22:43:17Z,0.0001,0.0001,0.0012,0.0001,0.332,77480
10,remove_component,lovetoys,s,2024-02-03 22:43:18Z,0.000000083,0.0000001,0.000000159,0.000000001,0.000024167,82221
10,remove_component,lovetoys,kb,2024-02-03 22:43:20Z,0.0001,0.0001,0.0016,0.0001,0.4531,81956
10,remove_component,tinyecs,s,2024-02-03 22:43:21Z,0.000000042,0.000000051,0.000000078,0.000000001,0.000034917,925798
10,remove_component,tinyecs,kb,2024-02-03 22:43:23Z,0.0001,0.0001,0.0005,0.0001,0.4531,890775
10,remove_component,ecs-lua,s,2024-02-03 22:43:25Z,0.0000025,0.000002544,0.000000828,0.000002333,0.000059167,69851
10,remove_component,ecs-lua,kb,2024-02-03 22:43:26Z,1.7188,1.7188,0,1.7188,1.7188,69922
10,remove_component,nata,s,2024-02-03 22:43:27Z,0.000000042,0.000000052,0.000000118,0.000000001,0.000025208,169332
10,remove_component,nata,kb,2024-02-03 22:43:29Z,0.0001,0.0001,0.0011,0.0001,0.4531,168294
10,remove_component,concord,s,2024-02-03 22:43:30Z,0.000001208,0.000001831,0.000006266,0.000000917,0.000229667,68856
10,remove_component,concord,kb,2024-02-03 22:43:31Z,0.3984,0.4441,0.4809,0.3984,19.6914,58844
10,remove_components,echoes,s,2024-02-03 22:43:32Z,0.000007,0.000007121,0.000001169,0.000006625,0.000136583,55177
10,remove_components,echoes,kb,2024-02-03 22:43:33Z,0.0001,0.0001,0.0014,0.0001,0.332,54975
10,remove_components,lovetoys,s,2024-02-03 22:43:35Z,0.000000083,0.000000098,0.000000119,0.000000042,0.000026875,83497
10,remove_components,lovetoys,kb,2024-02-03 22:43:36Z,0.0001,0.0001,0.0016,0.0001,0.4531,83808
10,remove_components,tinyecs,s,2024-02-03 22:43:37Z,0.000000042,0.000000054,0.000000071,0.000000001,0.000027,918314
10,remove_components,tinyecs,kb,2024-02-03 22:43:39Z,0.0001,0.0001,0.0005,0.0001,0.4531,893168
10,remove_components,ecs-lua,s,2024-02-03 22:43:41Z,0.00000425,0.000004345,0.000001086,0.000004,0.00012175,61188
10,remove_components,ecs-lua,kb,2024-02-03 22:43:42Z,2.1094,2.1094,0,2.1094,2.1094,61007
10,remove_components,nata,s,2024-02-03 22:43:43Z,0.000000042,0.000000052,0.000000065,0.000000001,0.000012083,172076
10,remove_components,nata,kb,2024-02-03 22:43:45Z,0.0001,0.0001,0.0011,0.0001,0.4531,170365
10,remove_components,concord,s,2024-02-03 22:43:46Z,0.000001292,0.000002238,0.000008383,0.000001,0.00050325,60993
10,remove_components,concord,kb,2024-02-03 22:43:47Z,0.3984,0.4674,0.6219,0.3984,23.4961,54849
10,system_update,echoes,s,2024-02-03 22:43:48Z,0.000000125,0.000000211,0.000000266,0.000000001,0.000055792,1000000
10,system_update,echoes,kb,2024-02-03 22:43:49Z,0.0001,0.043,0.0468,0.0001,2.3867,1000000
10,system_update,lovetoys,s,2024-02-03 22:43:49Z,0.000000208,0.000000205,0.000000207,0.000000125,0.000040292,1000000
10,system_update,lovetoys,kb,2024-02-03 22:43:50Z,0.0001,0.0001,0,0.0001,0.0001,1000000
10,system_update,tinyecs,s,2024-02-03 22:43:51Z,0.000000083,0.000000076,0.000000089,0.000000001,0.00006075,1000000
10,system_update,tinyecs,kb,2024-02-03 22:43:51Z,0.0001,0.0001,0.0012,0.0001,1.207,1000000
10,system_update,ecs-lua,s,2024-02-03 22:43:52Z,0.000001167,0.000001133,0.000000742,0.000000125,0.000110375,764336
10,system_update,ecs-lua,kb,2024-02-03 22:43:53Z,2.3203,2.1887,1.2368,0.2109,5.3945,731154
10,system_update,nata,s,2024-02-03 22:43:55Z,0.000000292,0.000000303,0.000000299,0.000000208,0.000054625,789678
10,system_update,nata,kb,2024-02-03 22:43:56Z,0.1172,0.1172,0,0.1172,0.1172,779256
10,system_update,concord,s,2024-02-03 22:43:58Z,0.00000025,0.000000242,0.0000002,0.000000125,0.000039167,1000000
10,system_update,concord,kb,2024-02-03 22:43:58Z,0.0001,0.0001,0,0.0001,0.0001,1000000
100,add_empty_entity,echoes,s,2024-02-03 22:43:59Z,0.000011417,0.000011577,0.000000885,0.000011,0.000038625,76356
100,add_empty_entity,echoes,kb,2024-02-03 22:44:00Z,3.9063,3.9063,0,3.9063,3.9063,75907
100,add_empty_entity,lovetoys,s,2024-02-03 22:44:01Z,0.000038958,0.000039249,0.000001516,0.000037875,0.00010025,24583
100,add_empty_entity,lovetoys,kb,2024-02-03 22:44:02Z,58.2656,58.2656,0,58.2656,58.2656,24560
100,add_empty_entity,tinyecs,s,2024-02-03 22:44:04Z,0.000012,0.0000127,0.000002709,0.000008792,0.000095833,73574
100,add_empty_entity,tinyecs,kb,2024-02-03 22:44:05Z,12.0156,12.0156,0.0017,12.0156,12.4688,69840
100,add_empty_entity,ecs-lua,s,2024-02-03 22:44:06Z,0.000034458,0.000034789,0.000003058,0.00002975,0.00010275,27745
100,add_empty_entity,ecs-lua,kb,2024-02-03 22:44:07Z,73.3281,73.3281,0.0004,73.3281,73.3906,28035
100,add_empty_entity,nata,s,2024-02-03 22:44:09Z,0.000129667,0.000130536,0.000002826,0.000118958,0.000208625,7596
100,add_empty_entity,nata,kb,2024-02-03 22:44:10Z,13.0156,13.0156,0,13.0156,13.0156,7590
100,add_empty_entity,concord,s,2024-02-03 22:44:11Z,0.000053458,0.000064572,0.000040478,0.00003225,0.001277833,8729
100,add_empty_entity,concord,kb,2024-02-03 22:44:12Z,39.1719,39.57,1.8914,39.1719,63.4375,9235
100,add_entities,echoes,s,2024-02-03 22:44:13Z,0.00005775,0.000058143,0.000001868,0.000056542,0.000154542,16450
100,add_entities,echoes,kb,2024-02-03 22:44:14Z,128.125,128.125,0.0026,128.125,128.457,16309
100,add_entities,lovetoys,s,2024-02-03 22:44:16Z,0.000092167,0.000093273,0.000003739,0.000088833,0.000186958,10559
100,add_entities,lovetoys,kb,2024-02-03 22:44:17Z,113.5781,113.5781,0,113.5781,113.5781,10438
100,add_entities,tinyecs,s,2024-02-03 22:44:18Z,0.000035917,0.000034952,0.000004247,0.000021417,0.000129458,27878
100,add_entities,tinyecs,kb,2024-02-03 22:44:19Z,37.9531,37.9531,0.0027,37.9531,38.4063,27868
100,add_entities,ecs-lua,s,2024-02-03 22:44:21Z,0.000108708,0.000109152,0.000004338,0.000100083,0.000245042,9050
100,add_entities,ecs-lua,kb,2024-02-03 22:44:22Z,181.1406,181.1406,0,181.1406,181.1406,8973
100,add_entities,nata,s,2024-02-03 22:44:23Z,0.000143583,0.000144532,0.00000536,0.000133583,0.000239,6864
100,add_entities,nata,kb,2024-02-03 22:44:24Z,38.9531,38.9531,0,38.9531,38.9531,6832
100,add_entities,concord,s,2024-02-03 22:44:25Z,0.000066958,0.000079584,0.000048264,0.000051917,0.0019335,7765
100,add_entities,concord,kb,2024-02-03 22:44:26Z,98.5469,99.1015,2.2152,98.5469,125.8086,7981
100,remove_entities,echoes,s,2024-02-03 22:44:28Z,0.000109917,0.000111445,0.000003835,0.000108125,0.000161375,4400
100,remove_entities,echoes,kb,2024-02-03 22:44:29Z,47.6563,47.6564,0.005,47.6563,47.9883,4402
100,remove_entities,lovetoys,s,2024-02-03 22:44:30Z,0.000011417,0.00001164,0.000001321,0.000010958,0.000044333,8453
100,remove_entities,lovetoys,kb,2024-02-03 22:44:31Z,0.0001,0.0001,0,0.0001,0.0001,8421
100,remove_entities,tinyecs,s,2024-02-03 22:44:32Z,0.000020042,0.000020267,0.000002803,0.000015167,0.000215458,37729
100,remove_entities,tinyecs,kb,2024-02-03 22:44:33Z,5.1406,5.1406,0.0023,5.1406,5.5938,37698
100,remove_entities,ecs-lua,s,2024-02-03 22:44:35Z,0.000001708,0.000001905,0.000001885,0.000001417,0.000055292,9143
100,remove_entities,ecs-lua,kb,2024-02-03 22:44:36Z,1.1641,1.1641,0,1.1641,1.1641,9044
100,remove_entities,concord,s,2024-02-03 22:44:37Z,0.000055375,0.000097543,0.000112214,0.000028417,0.00120175,3286
100,remove_entities,concord,kb,2024-02-03 22:44:38Z,7.9219,11.2137,5.8377,7.9219,40.9766,3023
100,get_component,echoes,s,2024-02-03 22:44:39Z,0.000000125,0.000000145,0.0000001,0.000000042,0.000005458,8553
100,get_component,echoes,kb,2024-02-03 22:44:41Z,0.0001,0.0002,0.0049,0.0001,0.4531,8550
100,get_component,lovetoys,s,2024-02-03 22:44:42Z,0.000000542,0.000000558,0.000000171,0.000000417,0.000006833,9384
100,get_component,lovetoys,kb,2024-02-03 22:44:43Z,0.0001,0.0001,0.0047,0.0001,0.4531,9290
100,get_component,tinyecs,s,2024-02-03 22:44:44Z,0.000000125,0.000000119,0.000000081,0.000000042,0.0000265,145834
100,get_component,tinyecs,kb,2024-02-03 22:44:46Z,0.0001,0.0001,0.0012,0.0001,0.4531,152076
100,get_component,ecs-lua,s,2024-02-03 22:44:48Z,0.000001375,0.000001415,0.000000278,0.00000125,0.000008417,9184
100,get_component,ecs-lua,kb,2024-02-03 22:44:50Z,8.5938,8.5939,0.0048,8.5938,9.0469,9044
100,get_component,nata,s,2024-02-03 22:44:51Z,0.000000125,0.000000161,0.000000219,0.000000042,0.000008208,7154
100,get_component,nata,kb,2024-02-03 22:44:52Z,0.0001,0.0002,0.0054,0.0001,0.4531,7142
100,get_component,concord,s,2024-02-03 22:44:53Z,0.000000208,0.000000503,0.000002244,0.000000083,0.000034583,5923
100,get_component,concord,kb,2024-02-03 22:44:54Z,0.0001,0.0081,0.067,0.0001,0.6133,6525
100,get_components,echoes,s,2024-02-03 22:44:55Z,0.000000125,0.000000141,0.000000103,0.000000042,0.000006458,8601
100,get_components,echoes,kb,2024-02-03 22:44:57Z,0.0001,0.0002,0.0049,0.0001,0.4531,8511
100,get_components,lovetoys,s,2024-02-03 22:44:58Z,0.000000667,0.000000695,0.000000262,0.0000005,0.0000105,9264
100,get_components,lovetoys,kb,2024-02-03 22:44:59Z,0.0001,0.0001,0.0047,0.0001,0.4531,9225
100,get_components,tinyecs,s,2024-02-03 22:45:00Z,0.000000208,0.000000197,0.000000147,0.000000083,0.000042667,153388
100,get_components,tinyecs,kb,2024-02-03 22:45:02Z,0.0001,0.0001,0.0012,0.0001,0.4531,155013
100,get_components,ecs-lua,s,2024-02-03 22:45:04Z,0.000018417,0.000018672,0.000001421,0.000016875,0.00004725,7854
100,get_components,ecs-lua,kb,2024-02-03 22:45:06Z,22.6563,22.6563,0,22.6563,22.6563,7835
100,get_components,nata,s,2024-02-03 22:45:07Z,0.000000208,0.000000229,0.000000212,0.000000125,0.000009208,7135
100,get_components,nata,kb,2024-02-03 22:45:08Z,0.0001,0.0002,0.0054,0.0001,0.4531,7140
100,get_components,concord,s,2024-02-03 22:45:09Z,0.000000333,0.00000069,0.000002492,0.000000208,0.000047,5158
100,get_components,concord,kb,2024-02-03 22:45:10Z,0.0001,0.0104,0.0814,0.0001,0.7344,5316
100,add_component,echoes,s,2024-02-03 22:45:11Z,0.000042958,0.000043497,0.000002148,0.000041375,0.000091208,17031
100,add_component,echoes,kb,2024-02-03 22:45:12Z,82.0313,82.0313,0.0026,82.0313,82.3633,16812
100,add_component,lovetoys,s,2024-02-03 22:45:14Z,0.000024292,0.000024487,0.000001244,0.000023167,0.000081167,18160
100,add_component,lovetoys,kb,2024-02-03 22:45:15Z,28.9063,28.9063,0,28.9063,28.9063,17606
100,add_component,tinyecs,s,2024-02-03 22:45:16Z,0.000002542,0.000002619,0.000000807,0.000002333,0.000040417,190162
100,add_component,tinyecs,kb,2024-02-03 22:45:18Z,15.625,15.625,0.0011,15.625,16.0781,185774
100,add_component,ecs-lua,s,2024-02-03 22:45:20Z,0.000023792,0.000023933,0.000001026,0.000022583,0.000080417,20116
100,add_component,ecs-lua,kb,2024-02-03 22:45:21Z,37.5,37.5,0,37.5,37.5,19710
100,add_component,nata,s,2024-02-03 22:45:23Z,0.000002625,0.000002772,0.00000058,0.000002375,0.000018167,7372
100,add_component,nata,kb,2024-02-03 22:45:24Z,15.625,15.6251,0.0053,15.625,16.0781,7334
100,add_component,concord,s,2024-02-03 22:45:25Z,0.000009125,0.000009359,0.000003339,0.000008,0.000120167,11022
100,add_component,concord,kb,2024-02-03 22:45:26Z,25,25.0112,0.2503,25,33.2813,11108
100,add_components,echoes,s,2024-02-03 22:45:27Z,0.000098667,0.000100331,0.000004683,0.000095583,0.000181292,8588
100,add_components,echoes,kb,2024-02-03 22:45:28Z,124.2188,124.2188,0,124.2188,124.2188,8595
100,add_components,lovetoys,s,2024-02-03 22:45:30Z,0.000070125,0.00007059,0.00000177,0.000068542,0.000102292,9871
100,add_components,lovetoys,kb,2024-02-03 22:45:31Z,78.125,78.125,0,78.125,78.125,9661
100,add_components,tinyecs,s,2024-02-03 22:45:32Z,0.00000675,0.000006932,0.000001236,0.000006458,0.000056875,103752
100,add_components,tinyecs,kb,2024-02-03 22:45:34Z,31.25,31.25,0.0014,31.25,31.7031,104272
100,add_components,ecs-lua,s,2024-02-03 22:45:35Z,0.0000975,0.000099536,0.000004263,0.000094708,0.00014675,7964
100,add_components,ecs-lua,kb,2024-02-03 22:45:37Z,133.5938,133.5938,0,133.5938,133.5938,7953
100,add_components,nata,s,2024-02-03 22:45:38Z,0.000007583,0.000007724,0.000000689,0.000007125,0.000022,7093
100,add_components,nata,kb,2024-02-03 22:45:39Z,37.5,37.5001,0.0054,37.5,37.9531,7112
100,add_components,concord,s,2024-02-03 22:45:40Z,0.000026,0.000026759,0.000007059,0.000023333,0.000280625,9732
100,add_components,concord,kb,2024-02-03 22:45:41Z,75,75.0377,0.7419,75,91.4766,9038
100,remove_component,echoes,s,2024-02-03 22:45:43Z,0.000028333,0.00002867,0.000001462,0.000027625,0.000053583,6881
100,remove_component,echoes,kb,2024-02-03 22:45:44Z,0.0001,0.0001,0.004,0.0001,0.332,6894
100,remove_component,lovetoys,s,2024-02-03 22:45:45Z,0.000000792,0.00000084,0.000000402,0.000000625,0.000011333,8999
100,remove_component,lovetoys,kb,2024-02-03 22:45:46Z,0.0001,0.0002,0.0048,0.0001,0.4531,8857
100,remove_component,tinyecs,s,2024-02-03 22:45:47Z,0.000000125,0.000000126,0.000000121,0.000000042,0.000036458,158318
100,remove_component,tinyecs,kb,2024-02-03 22:45:50Z,0.0001,0.0001,0.0011,0.0001,0.4531,158467
100,remove_component,ecs-lua,s,2024-02-03 22:45:52Z,0.000026125,0.000026262,0.000000891,0.000025167,0.000041083,7515
100,remove_component,ecs-lua,kb,2024-02-03 22:45:53Z,17.1875,17.1875,0,17.1875,17.1875,7453
100,remove_component,nata,s,2024-02-03 22:45:54Z,0.000000125,0.000000148,0.000000223,0.000000042,0.000013167,7295
100,remove_component,nata,kb,2024-02-03 22:45:55Z,0.0001,0.0002,0.0053,0.0001,0.4531,7244
100,remove_component,concord,s,2024-02-03 22:45:56Z,0.000025125,0.000056565,0.000136366,0.000016875,0.001425458,2964
100,remove_component,concord,kb,2024-02-03 22:45:58Z,3.9609,5.4178,2.5946,3.9609,21.4609,3098
100,remove_components,echoes,s,2024-02-03 22:45:59Z,0.000075167,0.000075676,0.000001914,0.000073708,0.000110042,5221
100,remove_components,echoes,kb,2024-02-03 22:46:00Z,0.0001,0.0002,0.0046,0.0001,0.332,5163
100,remove_components,lovetoys,s,2024-02-03 22:46:01Z,0.000000917,0.000000929,0.000000327,0.00000075,0.000025708,9348
100,remove_components,lovetoys,kb,2024-02-03 22:46:02Z,0.0001,0.0001,0.0047,0.0001,0.4531,9250
100,remove_components,tinyecs,s,2024-02-03 22:46:03Z,0.000000167,0.000000156,0.0000001,0.000000083,0.000035208,160556
100,remove_components,tinyecs,kb,2024-02-03 22:46:05Z,0.0001,0.0001,0.0011,0.0001,0.4531,158923
100,remove_components,ecs-lua,s,2024-02-03 22:46:08Z,0.000043625,0.000044365,0.000002477,0.000042,0.000077042,6578
100,remove_components,ecs-lua,kb,2024-02-03 22:46:09Z,21.0938,21.0938,0,21.0938,21.0938,6558
100,remove_components,nata,s,2024-02-03 22:46:10Z,0.000000208,0.000000193,0.000000168,0.000000083,0.000011042,7252
100,remove_components,nata,kb,2024-02-03 22:46:11Z,0.0001,0.0002,0.0053,0.0001,0.4531,7238
100,remove_components,concord,s,2024-02-03 22:46:12Z,0.000027,0.000100517,0.000467221,0.000017917,0.004204625,2593
100,remove_components,concord,kb,2024-02-03 22:46:13Z,3.9609,5.5069,2.7649,3.9609,21.5508,2618
100,system_update,echoes,s,2024-02-03 22:46:14Z,0.000000417,0.000000286,0.000000215,0.000000042,0.000034375,1000000
100,system_update,echoes,kb,2024-02-03 22:46:15Z,0.0938,0.0517,0.0466,0.0001,0.5469,1000000
100,system_update,lovetoys,s,2024-02-03 22:46:16Z,0.000000667,0.000000671,0.000000188,0.000000542,0.000027708,1000000
100,system_update,lovetoys,kb,2024-02-03 22:46:17Z,0.0001,0.0001,0,0.0001,0.0001,1000000
100,system_update,tinyecs,s,2024-02-03 22:46:18Z,0.00000025,0.000000242,0.000000137,0.000000125,0.000019042,1000000
100,system_update,tinyecs,kb,2024-02-03 22:46:18Z,0.0001,0.0001,0.0005,0.0001,0.4531,1000000
100,system_update,ecs-lua,s,2024-02-03 22:46:19Z,0.000002917,0.000002923,0.000002052,0.000000125,0.000111167,321224
100,system_update,ecs-lua,kb,2024-02-03 22:46:21Z,9.8828,9.7223,6.9935,0.2109,19.3086,314415
100,system_update,nata,s,2024-02-03 22:46:23Z,0.000000292,0.000000299,0.000000204,0.000000167,0.000029,798349
100,system_update,nata,kb,2024-02-03 22:46:24Z,0.1172,0.1172,0,0.1172,0.1172,783792
100,system_update,concord,s,2024-02-03 22:46:26Z,0.000000375,0.000000391,0.00000012,0.000000292,0.000028542,1000000
100,system_update,concord,kb,2024-02-03 22:46:27Z,0.0001,0.0001,0,0.0001,0.0001,1000000
1000,add_empty_entity,echoes,s,2024-02-03 22:46:27Z,0.000088208,0.000088536,0.000002,0.000086125,0.000215667,10931
1000,add_empty_entity,echoes,kb,2024-02-03 22:46:29Z,39.0625,39.0625,0,39.0625,39.0625,10771
1000,add_empty_entity,lovetoys,s,2024-02-03 22:46:30Z,0.000425042,0.000429637,0.000016916,0.000407417,0.000669875,2318
1000,add_empty_entity,lovetoys,kb,2024-02-03 22:46:31Z,578.5156,578.5156,0,578.5156,578.5156,2367
1000,add_empty_entity,tinyecs,s,2024-02-03 22:46:32Z,0.000134542,0.000135374,0.000004963,0.000119875,0.000167375,7236
1000,add_empty_entity,tinyecs,kb,2024-02-03 22:46:33Z,103.7656,103.7657,0.0053,103.7656,104.2188,7215
1000,add_empty_entity,ecs-lua,s,2024-02-03 22:46:34Z,0.000277,0.00028542,0.00001653,0.000252333,0.000354917,3486
1000,add_empty_entity,ecs-lua,kb,2024-02-03 22:46:36Z,691.6719,691.6719,0,691.6719,691.6719,3425
1000,add_empty_entity,nata,s,2024-02-03 22:46:38Z,0.007215896,0.00723865,0.000071807,0.007101583,0.007489167,138
1000,add_empty_entity,nata,kb,2024-02-03 22:46:39Z,111.4531,111.4531,0,111.4531,111.4531,138
1000,add_empty_entity,concord,s,2024-02-03 22:46:40Z,0.000421083,0.000496298,0.000204579,0.000344833,0.001674208,1141
1000,add_empty_entity,concord,kb,2024-02-03 22:46:41Z,376.4219,377.2021,3.6969,376.4219,415.3047,1037
1000,add_entities,echoes,s,2024-02-03 22:46:42Z,0.000841042,0.000844124,0.000018057,0.000812083,0.000950167,1167
1000,add_entities,echoes,kb,2024-02-03 22:46:43Z,1281.25,1281.2503,0.0096,1281.25,1281.582,1186
1000,add_entities,lovetoys,s,2024-02-03 22:46:44Z,0.001086354,0.001095744,0.000025702,0.001058333,0.001231125,910
1000,add_entities,lovetoys,kb,2024-02-03 22:46:45Z,1125.9531,1125.9531,0,1125.9531,1125.9531,917
1000,add_entities,tinyecs,s,2024-02-03 22:46:46Z,0.000391813,0.000385169,0.000067536,0.000180458,0.0005475,2576
1000,add_entities,tinyecs,kb,2024-02-03 22:46:48Z,368.2656,368.2658,0.0089,368.2656,368.7188,2575
1000,add_entities,ecs-lua,s,2024-02-03 22:46:49Z,0.001043417,0.001041847,0.000026152,0.000977958,0.001224083,958
1000,add_entities,ecs-lua,kb,2024-02-03 22:46:50Z,1769.7969,1769.7969,0,1769.7969,1769.7969,973
1000,add_entities,nata,s,2024-02-03 22:46:51Z,0.0074815,0.007516107,0.000142158,0.007250583,0.007977083,133
1000,add_entities,nata,kb,2024-02-03 22:46:52Z,376.2656,376.2656,0,376.2656,376.2656,131
1000,add_entities,concord,s,2024-02-03 22:46:53Z,0.000640396,0.000730848,0.000223637,0.000534625,0.001809333,836
1000,add_entities,concord,kb,2024-02-03 22:46:55Z,970.1719,971.0972,4.1562,970.1719,1009.7578,908
1000,remove_entities,echoes,s,2024-02-03 22:46:56Z,0.001100875,0.001103231,0.000013058,0.001097208,0.001350125,447
1000,remove_entities,echoes,kb,2024-02-03 22:46:57Z,476.5625,476.5632,0.0158,476.5625,476.8945,444
1000,remove_entities,lovetoys,s,2024-02-03 22:46:58Z,0.000108875,0.000111035,0.000004053,0.000107042,0.000133875,863
1000,remove_entities,lovetoys,kb,2024-02-03 22:46:59Z,0.0001,0.0001,0,0.0001,0.0001,872
1000,remove_entities,tinyecs,s,2024-02-03 22:47:00Z,0.000192875,0.000192923,0.000006292,0.000163,0.000310208,3993
1000,remove_entities,tinyecs,kb,2024-02-03 22:47:02Z,40.1406,40.1407,0.0072,40.1406,40.5938,3944
1000,remove_entities,ecs-lua,s,2024-02-03 22:47:03Z,0.000007833,0.000008614,0.000005317,0.000006542,0.000097833,962
1000,remove_entities,ecs-lua,kb,2024-02-03 22:47:04Z,1.1641,1.1641,0,1.1641,1.1641,958
1000,remove_entities,concord,s,2024-02-03 22:47:05Z,0.000511458,0.000630963,0.000308266,0.000321,0.002022167,507
1000,remove_entities,concord,kb,2024-02-03 22:47:07Z,70.1094,76.6492,14.3612,63.9219,120.8984,491
1000,get_component,echoes,s,2024-02-03 22:47:08Z,0.000000417,0.000000447,0.000000307,0.000000333,0.000005917,868
1000,get_component,echoes,kb,2024-02-03 22:47:09Z,0.0001,0.0006,0.0154,0.0001,0.4531,869
1000,get_component,lovetoys,s,2024-02-03 22:47:10Z,0.00000675,0.000006975,0.000001925,0.000006292,0.000036792,943
1000,get_component,lovetoys,kb,2024-02-03 22:47:11Z,0.0001,0.0006,0.0147,0.0001,0.4531,956
1000,get_component,tinyecs,s,2024-02-03 22:47:12Z,0.000002042,0.000002066,0.000000395,0.000001583,0.000042333,16943
1000,get_component,tinyecs,kb,2024-02-03 22:47:15Z,0.0001,0.0001,0.0035,0.0001,0.4531,17088
1000,get_component,ecs-lua,s,2024-02-03 22:47:17Z,0.000013042,0.000013698,0.000002705,0.000012583,0.000064,952
1000,get_component,ecs-lua,kb,2024-02-03 22:47:18Z,85.9375,85.938,0.0146,85.9375,86.3906,961
1000,get_component,nata,s,2024-02-03 22:47:19Z,0.000001667,0.000001786,0.000000978,0.000001458,0.000010958,133
1000,get_component,nata,kb,2024-02-03 22:47:20Z,0.0001,0.0035,0.039,0.0001,0.4531,135
1000,get_component,concord,s,2024-02-03 22:47:22Z,0.000002417,0.000002789,0.000002239,0.000002167,0.000033125,539
1000,get_component,concord,kb,2024-02-03 22:47:23Z,0.0001,0.016,0.0985,0.0001,0.9297,648
1000,get_components,echoes,s,2024-02-03 22:47:24Z,0.000000417,0.000000435,0.000000204,0.000000333,0.000006208,886
1000,get_components,echoes,kb,2024-02-03 22:47:25Z,0.0001,0.0006,0.0154,0.0001,0.4531,868
1000,get_components,lovetoys,s,2024-02-03 22:47:26Z,0.00000875,0.000008829,0.000001089,0.000008042,0.000038583,957
1000,get_components,lovetoys,kb,2024-02-03 22:47:27Z,0.0001,0.0006,0.0147,0.0001,0.4531,950
1000,get_components,tinyecs,s,2024-02-03 22:47:28Z,0.000003583,0.000003612,0.000000449,0.000003208,0.000039958,16426
1000,get_components,tinyecs,kb,2024-02-03 22:47:31Z,0.0001,0.0001,0.0035,0.0001,0.4531,16537
1000,get_components,ecs-lua,s,2024-02-03 22:47:33Z,0.000180958,0.000183376,0.000006101,0.000175417,0.000234667,821
1000,get_components,ecs-lua,kb,2024-02-03 22:47:34Z,226.5625,226.5625,0,226.5625,226.5625,820
1000,get_components,nata,s,2024-02-03 22:47:36Z,0.000003083,0.000003379,0.000001601,0.000002958,0.000019167,134
1000,get_components,nata,kb,2024-02-03 22:47:37Z,0.0001,0.0036,0.0396,0.0001,0.4531,131
1000,get_components,concord,s,2024-02-03 22:47:38Z,0.000003125,0.000003694,0.00000243,0.000002917,0.000031417,625
1000,get_components,concord,kb,2024-02-03 22:47:39Z,0.0001,0.0227,0.123,0.0001,0.7344,597
1000,add_component,echoes,s,2024-02-03 22:47:40Z,0.000429333,0.000433655,0.000010855,0.000421875,0.000543,1790
1000,add_component,echoes,kb,2024-02-03 22:47:41Z,820.3125,820.3127,0.0078,820.3125,820.6445,1821
1000,add_component,lovetoys,s,2024-02-03 22:47:43Z,0.000235125,0.00023827,0.000008088,0.000227667,0.000299917,1907
1000,add_component,lovetoys,kb,2024-02-03 22:47:44Z,289.0625,289.0625,0,289.0625,289.0625,1883
1000,add_component,tinyecs,s,2024-02-03 22:47:45Z,0.00002475,0.000025198,0.000002052,0.000023917,0.000100875,19973
1000,add_component,tinyecs,kb,2024-02-03 22:47:47Z,156.25,156.25,0.0032,156.25,156.7031,19905
1000,add_component,ecs-lua,s,2024-02-03 22:47:49Z,0.000233833,0.000237056,0.000007737,0.00022575,0.000332167,2199
1000,add_component,ecs-lua,kb,2024-02-03 22:47:50Z,375,375,0,375,375,2197
1000,add_component,nata,s,2024-02-03 22:47:52Z,0.00002525,0.000028598,0.000013804,0.000024292,0.000160625,137
1000,add_component,nata,kb,2024-02-03 22:47:53Z,156.25,156.2533,0.0389,156.25,156.7031,136
1000,add_component,concord,s,2024-02-03 22:47:54Z,0.000084,0.000085739,0.000010617,0.000079542,0.000203417,1256
1000,add_component,concord,kb,2024-02-03 22:47:55Z,250,250.058,0.5998,250,258.0781,1193
1000,add_components,echoes,s,2024-02-03 22:47:56Z,0.000986937,0.000997004,0.000024976,0.000966958,0.001115167,884
1000,add_components,echoes,kb,2024-02-03 22:47:57Z,1242.1875,1242.1879,0.0112,1242.1875,1242.5195,880
1000,add_components,lovetoys,s,2024-02-03 22:47:59Z,0.000728,0.000734414,0.000016003,0.000708292,0.000809625,978
1000,add_components,lovetoys,kb,2024-02-03 22:48:00Z,781.25,781.25,0,781.25,781.25,974
1000,add_components,tinyecs,s,2024-02-03 22:48:01Z,0.000065917,0.000066132,0.000002273,0.000063875,0.00014625,11032
1000,add_components,tinyecs,kb,2024-02-03 22:48:03Z,312.5,312.5,0.0043,312.5,312.9531,10995
1000,add_components,ecs-lua,s,2024-02-03 22:48:05Z,0.000969875,0.000976376,0.000019179,0.00095,0.0011115,844
1000,add_components,ecs-lua,kb,2024-02-03 22:48:06Z,1335.9375,1335.9375,0,1335.9375,1335.9375,852
1000,add_components,nata,s,2024-02-03 22:48:07Z,0.000074542,0.000075663,0.000004592,0.000071917,0.000106542,136
1000,add_components,nata,kb,2024-02-03 22:48:08Z,375,375.0034,0.039,375,375.4531,135
1000,add_components,concord,s,2024-02-03 22:48:09Z,0.000240146,0.000243808,0.000021208,0.00022725,0.000487125,1036
1000,add_components,concord,kb,2024-02-03 22:48:11Z,750,750.1274,1.328,750,765.7852,973
1000,remove_component,echoes,s,2024-02-03 22:48:12Z,0.000281667,0.000285654,0.000010494,0.000274375,0.000415833,701
1000,remove_component,echoes,kb,2024-02-03 22:48:13Z,0.0001,0.0006,0.0124,0.0001,0.332,713
1000,remove_component,lovetoys,s,2024-02-03 22:48:15Z,0.0000095,0.000009647,0.000001173,0.000009125,0.000036167,941
1000,remove_component,lovetoys,kb,2024-02-03 22:48:16Z,0.0001,0.0006,0.0147,0.0001,0.4531,946
1000,remove_component,tinyecs,s,2024-02-03 22:48:17Z,0.00000225,0.000002292,0.000000305,0.000001833,0.000027792,17117
1000,remove_component,tinyecs,kb,2024-02-03 22:48:19Z,0.0001,0.0001,0.0035,0.0001,0.4531,16745
1000,remove_component,ecs-lua,s,2024-02-03 22:48:22Z,0.000262292,0.000262919,0.000002354,0.000258917,0.000276875,779
1000,remove_component,ecs-lua,kb,2024-02-03 22:48:23Z,171.875,171.8754,0.0119,171.875,172.207,772
1000,remove_component,nata,s,2024-02-03 22:48:24Z,0.000001708,0.000002009,0.000001455,0.000001542,0.000014042,132
1000,remove_component,nata,kb,2024-02-03 22:48:25Z,0.0001,0.0035,0.0394,0.0001,0.4531,132
1000,remove_component,concord,s,2024-02-03 22:48:26Z,0.000241146,0.000325199,0.000289313,0.000151625,0.001991333,462
1000,remove_component,concord,kb,2024-02-03 22:48:27Z,34.5039,37.7531,7.1042,31.9609,63.6758,449
1000,remove_components,echoes,s,2024-02-03 22:48:28Z,0.000779854,0.000782893,0.000012782,0.000766542,0.001028,524
1000,remove_components,echoes,kb,2024-02-03 22:48:30Z,0.0001,0.0007,0.0145,0.0001,0.332,525
1000,remove_components,lovetoys,s,2024-02-03 22:48:31Z,0.000011375,0.000011442,0.000000578,0.000010792,0.000021042,946
1000,remove_components,lovetoys,kb,2024-02-03 22:48:32Z,0.0001,0.0006,0.0148,0.0001,0.4531,935
1000,remove_components,tinyecs,s,2024-02-03 22:48:33Z,0.0000035,0.000003516,0.000000328,0.000003083,0.000037833,16806
1000,remove_components,tinyecs,kb,2024-02-03 22:48:35Z,0.0001,0.0001,0.0035,0.0001,0.4531,16795
1000,remove_components,ecs-lua,s,2024-02-03 22:48:38Z,0.000436792,0.000440455,0.000012043,0.00042475,0.000513792,678
1000,remove_components,ecs-lua,kb,2024-02-03 22:48:39Z,210.9375,210.9375,0,210.9375,210.9375,676
1000,remove_components,nata,s,2024-02-03 22:48:40Z,0.000002958,0.000003277,0.000001944,0.00000275,0.0000235,133
1000,remove_components,nata,kb,2024-02-03 22:48:41Z,0.0001,0.0035,0.039,0.0001,0.4531,135
1000,remove_components,concord,s,2024-02-03 22:48:42Z,0.000247229,0.000527311,0.000981699,0.000165167,0.004714708,426
1000,remove_components,concord,kb,2024-02-03 22:48:43Z,34.4883,37.6473,6.8977,31.9609,65.7617,441
1000,system_update,echoes,s,2024-02-03 22:48:44Z,0.000012292,0.000012307,0.000000658,0.000012042,0.000141583,79450
1000,system_update,echoes,kb,2024-02-03 22:48:45Z,0.0938,0.0938,0.0016,0.0938,0.5469,78125
1000,system_update,lovetoys,s,2024-02-03 22:48:47Z,0.00001275,0.000012525,0.000000873,0.000011458,0.000057583,78289
1000,system_update,lovetoys,kb,2024-02-03 22:48:48Z,0.0001,0.0001,0,0.0001,0.0001,77446
1000,system_update,tinyecs,s,2024-02-03 22:48:49Z,0.000004625,0.000004653,0.000000427,0.000004292,0.000048542,203769
1000,system_update,tinyecs,kb,2024-02-03 22:48:50Z,0.0001,0.0001,0.001,0.0001,0.4531,205177
1000,system_update,ecs-lua,s,2024-02-03 22:48:51Z,0.000022875,0.00002298,0.000015465,0.000000167,0.000108792,43100
1000,system_update,ecs-lua,kb,2024-02-03 22:48:53Z,87.2266,87.0928,59.0096,0.2109,173.6641,43569
1000,system_update,nata,s,2024-02-03 22:48:55Z,0.000000292,0.00000029,0.00000015,0.000000167,0.000029667,807441
1000,system_update,nata,kb,2024-02-03 22:48:56Z,0.1172,0.1172,0,0.1172,0.1172,788917
1000,system_update,concord,s,2024-02-03 22:48:57Z,0.000005417,0.0000055,0.000000445,0.000004917,0.000037417,174097
1000,system_update,concord,kb,2024-02-03 22:48:59Z,0.0001,0.0001,0,0.0001,0.0001,170104
10000,add_empty_entity,echoes,s,2024-02-03 22:49:00Z,0.00089275,0.000898957,0.000021106,0.000871667,0.001003208,1091
10000,add_empty_entity,echoes,kb,2024-02-03 22:49:01Z,390.625,390.625,0,390.625,390.625,1092
10000,add_empty_entity,lovetoys,s,2024-02-03 22:49:02Z,0.005194583,0.005224257,0.000084933,0.005060208,0.005481083,191
10000,add_empty_entity,lovetoys,kb,2024-02-03 22:49:03Z,5881.0156,5881.0156,0,5881.0156,5881.0156,192
10000,add_empty_entity,tinyecs,s,2024-02-03 22:49:04Z,0.001389604,0.001389402,0.000056216,0.0012305,0.001570958,704
10000,add_empty_entity,tinyecs,kb,2024-02-03 22:49:05Z,1202.2031,1202.2037,0.017,1202.2031,1202.6563,707
10000,add_empty_entity,ecs-lua,s,2024-02-03 22:49:06Z,0.002781708,0.002846428,0.000143581,0.002616208,0.003127292,351
10000,add_empty_entity,ecs-lua,kb,2024-02-03 22:49:08Z,7525.1094,7525.1094,0,7525.1094,7525.1094,349
10000,add_empty_entity,nata,s,2024-02-03 22:49:11Z,0.618446958,0.619047282,0.003679508,0.612770292,0.633258208,99
10000,add_empty_entity,nata,kb,2024-02-03 22:50:13Z,1394.2031,1394.2064,0.0332,1394.2031,1394.5352,100
10000,add_empty_entity,concord,s,2024-02-03 22:51:15Z,0.004543417,0.005198456,0.001397934,0.003863917,0.00991525,105
10000,add_empty_entity,concord,kb,2024-02-03 22:51:16Z,4020.9219,4023.9174,9.8906,4020.9219,4079.8984,100
10000,add_entities,echoes,s,2024-02-03 22:51:17Z,0.008297625,0.008319308,0.000064381,0.00823375,0.008601333,118
10000,add_entities,echoes,kb,2024-02-03 22:51:19Z,12812.5,12812.5,0,12812.5,12812.5,117
10000,add_entities,lovetoys,s,2024-02-03 22:51:20Z,0.011364625,0.011369035,0.00019634,0.010997958,0.011788083,97
10000,add_entities,lovetoys,kb,2024-02-03 22:51:21Z,11449.7031,11449.7031,0,11449.7031,11449.7031,98
10000,add_entities,tinyecs,s,2024-02-03 22:51:22Z,0.00260925,0.002549545,0.000229834,0.001952417,0.002957792,387
10000,add_entities,tinyecs,kb,2024-02-03 22:51:24Z,3857.3906,3857.3918,0.0229,3857.3906,3857.8438,392
10000,add_entities,ecs-lua,s,2024-02-03 22:51:25Z,0.010131542,0.010196651,0.000228422,0.009912292,0.011131125,98
10000,add_entities,ecs-lua,kb,2024-02-03 22:51:26Z,18306.3594,18306.3645,0.0503,18306.3594,18306.8594,99
10000,add_entities,nata,s,2024-02-03 22:51:29Z,0.647339979,0.647651443,0.005828736,0.633543792,0.660099542,100
10000,add_entities,nata,kb,2024-02-03 22:52:35Z,4049.3906,4049.3906,0,4049.3906,4049.3906,98
10000,add_entities,concord,s,2024-02-03 22:53:39Z,0.005753167,0.00636895,0.001475861,0.005018958,0.011977958,98
10000,add_entities,concord,kb,2024-02-03 22:53:40Z,9958.4219,9958.5505,0.3339,9958.4219,9960.0156,100
10000,remove_entities,echoes,s,2024-02-03 22:53:41Z,0.011574792,0.011688295,0.000466008,0.011375083,0.014802708,100
10000,remove_entities,echoes,kb,2024-02-03 22:53:44Z,4765.625,4765.6283,0.0332,4765.625,4765.957,100
10000,remove_entities,lovetoys,s,2024-02-03 22:53:46Z,0.001129062,0.001137665,0.000023646,0.001112125,0.001246292,100
10000,remove_entities,lovetoys,kb,2024-02-03 22:53:48Z,0.0001,0.0001,0,0.0001,0.0001,100
10000,remove_entities,tinyecs,s,2024-02-03 22:53:49Z,0.002068416,0.00207562,0.000062678,0.001927667,0.002315292,360
10000,remove_entities,tinyecs,kb,2024-02-03 22:53:50Z,576.1406,576.1419,0.0239,576.1406,576.5938,361
10000,remove_entities,ecs-lua,s,2024-02-03 22:53:52Z,0.000104167,0.000109723,0.000014221,0.000093083,0.000164458,100
10000,remove_entities,ecs-lua,kb,2024-02-03 22:53:53Z,1.1641,1.1641,0,1.1641,1.1641,100
10000,remove_entities,concord,s,2024-02-03 22:53:54Z,0.005067541,0.005356753,0.001239687,0.003591125,0.009593542,100
10000,remove_entities,concord,kb,2024-02-03 22:53:56Z,926.7324,930.1425,25.3394,895.9219,983.0195,100
10000,get_component,echoes,s,2024-02-03 22:53:58Z,0.000003208,0.00000354,0.000001313,0.000003083,0.000015167,98
10000,get_component,echoes,kb,2024-02-03 22:54:00Z,0.0001,0.0046,0.0453,0.0001,0.4531,100
10000,get_component,lovetoys,s,2024-02-03 22:54:01Z,0.000105083,0.000111955,0.000021537,0.000085167,0.000189708,100
10000,get_component,lovetoys,kb,2024-02-03 22:54:02Z,0.0001,0.0083,0.0576,0.0001,0.4531,99
10000,get_component,tinyecs,s,2024-02-03 22:54:04Z,0.000014833,0.000014599,0.000001587,0.000013125,0.000054083,1428
10000,get_component,tinyecs,kb,2024-02-03 22:54:06Z,0.0001,0.0004,0.0121,0.0001,0.4531,1410
10000,get_component,ecs-lua,s,2024-02-03 22:54:08Z,0.000411292,0.00044341,0.000085771,0.000340583,0.000845625,97
10000,get_component,ecs-lua,kb,2024-02-03 22:54:09Z,859.375,859.3795,0.0453,859.375,859.8281,100
10000,get_component,nata,s,2024-02-03 22:54:12Z,0.00001675,0.000017403,0.00000275,0.000015667,0.000042292,98
10000,get_component,nata,kb,2024-02-03 22:55:17Z,0.0001,0.0083,0.0576,0.0001,0.4531,99
10000,get_component,concord,s,2024-02-03 22:56:21Z,0.000035937,0.000042751,0.000016689,0.000026125,0.000116625,96
10000,get_component,concord,kb,2024-02-03 22:56:23Z,0.0001,0.0309,0.1294,0.0001,0.6133,54
10000,get_components,echoes,s,2024-02-03 22:56:24Z,0.000003333,0.00000379,0.000001868,0.000003083,0.000020167,100
10000,get_components,echoes,kb,2024-02-03 22:56:25Z,0.0001,0.0046,0.0453,0.0001,0.4531,100
10000,get_components,lovetoys,s,2024-02-03 22:56:27Z,0.000139583,0.000149248,0.000030274,0.000119792,0.000289167,97
10000,get_components,lovetoys,kb,2024-02-03 22:56:28Z,0.0001,0.0083,0.0583,0.0001,0.4531,100
10000,get_components,tinyecs,s,2024-02-03 22:56:29Z,0.00003,0.000031671,0.000007868,0.00002825,0.000130292,1371
10000,get_components,tinyecs,kb,2024-02-03 22:56:31Z,0.0001,0.0004,0.0122,0.0001,0.4531,1386
10000,get_components,ecs-lua,s,2024-02-03 22:56:33Z,0.003088041,0.003150642,0.00029767,0.002750292,0.004678542,98
10000,get_components,ecs-lua,kb,2024-02-03 22:56:35Z,2265.625,2265.625,0,2265.625,2265.625,96
10000,get_components,nata,s,2024-02-03 22:56:38Z,0.000031229,0.000032066,0.000003879,0.000028792,0.000055208,100
10000,get_components,nata,kb,2024-02-03 22:57:44Z,0.0001,0.0047,0.0455,0.0001,0.4531,99
10000,get_components,concord,s,2024-02-03 22:58:48Z,0.000094833,0.000099773,0.000036657,0.000043792,0.000195667,57
10000,get_components,concord,kb,2024-02-03 22:58:50Z,0.0001,0.0293,0.1322,0.0001,0.7344,100
10000,add_component,echoes,s,2024-02-03 22:58:52Z,0.004270042,0.004299249,0.000065747,0.004228,0.004490125,181
10000,add_component,echoes,kb,2024-02-03 22:58:53Z,8203.125,8203.1268,0.0247,8203.125,8203.457,180
10000,add_component,lovetoys,s,2024-02-03 22:58:54Z,0.002423959,0.002433068,0.000048483,0.002351125,0.002593083,186
10000,add_component,lovetoys,kb,2024-02-03 22:58:56Z,2890.625,2890.625,0,2890.625,2890.625,188
10000,add_component,tinyecs,s,2024-02-03 22:58:57Z,0.0002495,0.000250813,0.000004258,0.000243375,0.000292958,1670
10000,add_component,tinyecs,kb,2024-02-03 22:58:59Z,1562.5,1562.5006,0.0169,1562.5,1563.0977,1673
10000,add_component,ecs-lua,s,2024-02-03 22:59:01Z,0.002504375,0.002509453,0.000076922,0.002360458,0.003114375,213
10000,add_component,ecs-lua,kb,2024-02-03 22:59:02Z,3750,3750.0015,0.0224,3750,3750.332,219
10000,add_component,nata,s,2024-02-03 22:59:05Z,0.000277958,0.000277029,0.000017615,0.000248833,0.000333917,100
10000,add_component,nata,kb,2024-02-03 23:00:09Z,1562.5,1562.5045,0.0453,1562.5,1562.9531,100
10000,add_component,concord,s,2024-02-03 23:01:11Z,0.000799333,0.000801343,0.000014335,0.000773875,0.0008405,85
10000,add_component,concord,kb,2024-02-03 23:01:13Z,2500,2500.008,0.0568,2500,2500.4531,100
10000,add_components,echoes,s,2024-02-03 23:01:14Z,0.009840708,0.009889431,0.000122208,0.009765625,0.010215333,99
10000,add_components,echoes,kb,2024-02-03 23:01:15Z,12421.875,12421.8784,0.0335,12421.875,12422.207,98
10000,add_components,lovetoys,s,2024-02-03 23:01:17Z,0.007150229,0.007156838,0.000032154,0.007117125,0.007363708,100
10000,add_components,lovetoys,kb,2024-02-03 23:01:18Z,7812.5,7812.5,0,7812.5,7812.5,99
10000,add_components,tinyecs,s,2024-02-03 23:01:19Z,0.000671792,0.000675233,0.000012576,0.000655292,0.000803792,974
10000,add_components,tinyecs,kb,2024-02-03 23:01:21Z,3125,3125.0005,0.0145,3125,3125.4531,975
10000,add_components,ecs-lua,s,2024-02-03 23:01:23Z,0.009634333,0.0096547,0.000081051,0.009554333,0.009998917,100
10000,add_components,ecs-lua,kb,2024-02-03 23:01:25Z,13359.375,13359.375,0,13359.375,13359.375,98
10000,add_components,nata,s,2024-02-03 23:01:27Z,0.000764625,0.000773962,0.000031571,0.000728625,0.000866583,99
10000,add_components,nata,kb,2024-02-03 23:02:30Z,3750,3750.0045,0.0453,3750,3750.4531,100
10000,add_components,concord,s,2024-02-03 23:03:32Z,0.00227777,0.002297225,0.000070098,0.002212583,0.002559125,120
10000,add_components,concord,kb,2024-02-03 23:03:34Z,7500,7500.9242,3.4887,7500,7515.8555,128
10000,remove_component,echoes,s,2024-02-03 23:03:36Z,0.002986667,0.003022719,0.000119174,0.00290075,0.003560208,99
10000,remove_component,echoes,kb,2024-02-03 23:03:37Z,0.0001,0.0034,0.0332,0.0001,0.332,100
10000,remove_component,lovetoys,s,2024-02-03 23:03:39Z,0.000165167,0.000176618,0.000048127,0.000122542,0.000469625,96
10000,remove_component,lovetoys,kb,2024-02-03 23:03:40Z,0.0001,0.0082,0.0571,0.0001,0.4531,99
10000,remove_component,tinyecs,s,2024-02-03 23:03:41Z,0.000017375,0.000017826,0.000001885,0.000016875,0.000069667,1419
10000,remove_component,tinyecs,kb,2024-02-03 23:03:44Z,0.0001,0.0004,0.012,0.0001,0.4531,1421
10000,remove_component,ecs-lua,s,2024-02-03 23:03:46Z,0.003346375,0.003376701,0.000272585,0.002724458,0.004998917,96
10000,remove_component,ecs-lua,kb,2024-02-03 23:03:47Z,1718.75,1718.75,0,1718.75,1718.75,100
10000,remove_component,nata,s,2024-02-03 23:03:50Z,0.000018563,0.000020099,0.000005215,0.000017083,0.000046792,100
10000,remove_component,nata,kb,2024-02-03 23:04:56Z,0.0001,0.0081,0.0801,0.0001,0.8008,100
10000,remove_component,concord,s,2024-02-03 23:06:01Z,0.002273333,0.002383424,0.000453939,0.001631792,0.003572083,100
10000,remove_component,concord,kb,2024-02-03 23:06:03Z,457.832,461.4714,12.384,447.9609,496.1406,100
10000,remove_components,echoes,s,2024-02-03 23:06:05Z,0.008158313,0.008253346,0.000225426,0.008103792,0.009491917,98
10000,remove_components,echoes,kb,2024-02-03 23:06:07Z,0.0001,0.0034,0.0332,0.0001,0.332,100
10000,remove_components,lovetoys,s,2024-02-03 23:06:10Z,0.000168875,0.0001804,0.000049791,0.000152375,0.000592,98
10000,remove_components,lovetoys,kb,2024-02-03 23:06:11Z,0.0001,0.0082,0.0573,0.0001,0.4531,100
10000,remove_components,tinyecs,s,2024-02-03 23:06:12Z,0.000030792,0.000031312,0.000002662,0.000029375,0.000068208,1372
10000,remove_components,tinyecs,kb,2024-02-03 23:06:14Z,0.0001,0.0004,0.0122,0.0001,0.4531,1379
10000,remove_components,ecs-lua,s,2024-02-03 23:06:16Z,0.005304916,0.005317547,0.000399632,0.004305917,0.006616292,92
10000,remove_components,ecs-lua,kb,2024-02-03 23:06:18Z,2109.375,2109.375,0,2109.375,2109.375,100
10000,remove_components,nata,s,2024-02-03 23:06:21Z,0.000036583,0.000054165,0.0000253,0.0000295,0.000130375,100
10000,remove_components,nata,kb,2024-02-03 23:07:28Z,0.0001,0.0081,0.0568,0.0001,0.4531,100
10000,remove_components,concord,s,2024-02-03 23:08:33Z,0.002598396,0.003306103,0.001655974,0.001874,0.007676458,100
10000,remove_components,concord,kb,2024-02-03 23:08:35Z,458.7207,462.9005,12.3384,447.9609,486.8984,100
10000,system_update,echoes,s,2024-02-03 23:08:37Z,0.000119375,0.000121734,0.000012321,0.000117583,0.000612917,8195
10000,system_update,echoes,kb,2024-02-03 23:08:38Z,0.0938,0.0939,0.005,0.0938,0.5469,8256
10000,system_update,lovetoys,s,2024-02-03 23:08:39Z,0.00012875,0.000134134,0.00002931,0.000123167,0.000737292,7440
10000,system_update,lovetoys,kb,2024-02-03 23:08:40Z,0.0001,0.0001,0,0.0001,0.0001,6503
10000,system_update,tinyecs,s,2024-02-03 23:08:41Z,0.000043792,0.000045225,0.000007263,0.00004125,0.000243292,21985
10000,system_update,tinyecs,kb,2024-02-03 23:08:42Z,0.0001,0.0001,0.0031,0.0001,0.4531,21396
10000,system_update,ecs-lua,s,2024-02-03 23:08:43Z,0.000244042,0.000252607,0.000162358,0.000000208,0.001247958,3954
10000,system_update,ecs-lua,kb,2024-02-03 23:08:45Z,860.6641,860.5544,529.948,0.2109,1720.5391,3958
10000,system_update,nata,s,2024-02-03 23:08:47Z,0.000000292,0.000000299,0.000000192,0.000000167,0.000024708,803231
10000,system_update,nata,kb,2024-02-03 23:08:48Z,0.1172,0.1172,0,0.1172,0.1172,782985
10000,system_update,concord,s,2024-02-03 23:08:50Z,0.000060375,0.000060655,0.00000458,0.000057708,0.000394583,16416
10000,system_update,concord,kb,2024-02-03 23:08:51Z,0.0001,0.0001,0.0031,0.0001,0.4102,16974
100000,add_empty_entity,lovetoys,s,2024-02-04 10:13:13Z,0.022795833,0.022764143,0.00042951,0.02206875,0.024454625,97
100000,add_empty_entity,lovetoys,kb,2024-02-04 10:13:16Z,52048.0156,52048.0308,0.0866,52048.0156,52048.6523,88
100000,add_empty_entity,ecs-lua,s,2024-02-04 10:13:19Z,0.042731583,0.040777896,0.004540173,0.03314,0.051749,93
100000,add_empty_entity,ecs-lua,kb,2024-02-04 10:13:25Z,71907.4844,71907.52,0.2414,71907.4844,71909.4922,89
100000,add_empty_entity,concord,s,2024-02-04 10:13:32Z,0.042069229,0.04205512,0.001046716,0.040086583,0.046499042,100
100000,add_empty_entity,concord,kb,2024-02-04 10:13:40Z,39441.9219,39442.0919,0.5206,39441.9219,39443.7305,100
100000,add_empty_entity,echoes,s,2024-02-04 10:13:48Z,0.008719167,0.008735574,0.00005481,0.008683,0.009046667,112
100000,add_empty_entity,echoes,kb,2024-02-04 10:13:50Z,3906.25,3906.2524,0.0258,3906.25,3906.5234,112
100000,add_empty_entity,tinyecs,s,2024-02-04 10:13:51Z,0.014673958,0.014665666,0.00047297,0.013474833,0.015775167,100
100000,add_empty_entity,tinyecs,kb,2024-02-04 10:13:53Z,11371.3906,11371.3985,0.0785,11371.3906,11372.1758,100
100000,add_entities,lovetoys,s,2024-02-04 10:13:54Z,0.067767917,0.064447336,0.005454866,0.057322708,0.074374292,91
100000,add_entities,lovetoys,kb,2024-02-04 10:14:04Z,107222.3281,107222.3329,0.0465,107222.3281,107222.7813,95
100000,add_entities,ecs-lua,s,2024-02-04 10:14:14Z,0.1153245,0.11111747,0.008265033,0.092655667,0.124956042,85
100000,add_entities,ecs-lua,kb,2024-02-04 10:14:32Z,179719.9844,179719.9851,0.0067,179719.9844,179720.0469,86
100000,add_entities,concord,s,2024-02-04 10:14:50Z,0.071113604,0.071319294,0.001919583,0.067798167,0.083018458,100
100000,add_entities,concord,kb,2024-02-04 10:15:05Z,98816.9219,98817.1164,0.6099,98816.9219,98820.5391,100
100000,add_entities,echoes,s,2024-02-04 10:15:20Z,0.055931167,0.056585502,0.002697566,0.054562042,0.068246208,97
100000,add_entities,echoes,kb,2024-02-04 10:15:31Z,128125,128125.0028,0.0275,128125,128125.2734,99
100000,add_entities,tinyecs,s,2024-02-04 10:15:42Z,0.020690896,0.020872955,0.000778184,0.019672458,0.024249792,100
100000,add_entities,tinyecs,kb,2024-02-04 10:15:47Z,37932.6406,37932.6451,0.0453,37932.6406,37933.0938,100
100000,remove_entities,lovetoys,s,2024-02-04 10:15:51Z,0.01104525,0.011004417,0.000300334,0.010207875,0.012027875,98
100000,remove_entities,lovetoys,kb,2024-02-04 10:16:06Z,0.0001,0.0046,0.0453,0.0001,0.4531,100
100000,remove_entities,ecs-lua,s,2024-02-04 10:16:21Z,0.002339125,0.003178313,0.001808222,0.002169,0.011030167,89
100000,remove_entities,ecs-lua,kb,2024-02-04 10:16:42Z,1.1641,1.1677,0.0355,1.1641,1.5117,96
100000,remove_entities,concord,s,2024-02-04 10:17:05Z,0.071553396,0.07172103,0.002269281,0.067769292,0.078689625,100
100000,remove_entities,concord,kb,2024-02-04 10:17:23Z,8191.9219,8192.1165,0.5504,8191.9219,8193.7305,99
100000,remove_entities,echoes,s,2024-02-04 10:17:41Z,0.114066709,0.115023675,0.002673459,0.112372875,0.124352792,100
100000,remove_entities,echoes,kb,2024-02-04 10:18:11Z,47656.25,47656.2533,0.0332,47656.25,47656.582,100
100000,remove_entities,tinyecs,s,2024-02-04 10:18:41Z,0.019657271,0.019700118,0.000457293,0.018815708,0.021018542,100
100000,remove_entities,tinyecs,kb,2024-02-04 10:18:46Z,5120.1406,5120.1524,0.0849,5120.1406,5120.8633,100
100000,get_component,lovetoys,s,2024-02-04 10:18:51Z,0.004637208,0.004601509,0.000211443,0.0040765,0.005312083,100
100000,get_component,lovetoys,kb,2024-02-04 10:19:06Z,0.0001,0.0046,0.0453,0.0001,0.4531,100
100000,get_component,ecs-lua,s,2024-02-04 10:19:20Z,0.010879083,0.011495774,0.001706147,0.0103335,0.020103542,98
100000,get_component,ecs-lua,kb,2024-02-04 10:19:50Z,8593.75,8593.7549,0.0472,8593.75,8594.2031,92
100000,get_component,concord,s,2024-02-04 10:20:18Z,0.001235083,0.001275958,0.000380502,0.001147792,0.005017667,100
100000,get_component,concord,kb,2024-02-04 10:20:29Z,0.0001,0.0074,0.073,0.0001,0.7266,99
100000,get_component,echoes,s,2024-02-04 10:20:40Z,0.000030708,0.000032613,0.00000579,0.000029792,0.000078333,99
100000,get_component,echoes,kb,2024-02-04 10:20:55Z,0.0001,0.0046,0.0453,0.0001,0.4531,100
100000,get_component,tinyecs,s,2024-02-04 10:21:09Z,0.000798521,0.000835078,0.000104724,0.000728542,0.00119875,94
100000,get_component,tinyecs,kb,2024-02-04 10:21:12Z,0.0001,0.0074,0.0727,0.0001,0.7266,100
100000,get_components,lovetoys,s,2024-02-04 10:21:16Z,0.004876313,0.00489898,0.000149695,0.004686458,0.005308542,100
100000,get_components,lovetoys,kb,2024-02-04 10:21:31Z,0.0001,0.0046,0.0453,0.0001,0.4531,100
100000,get_components,ecs-lua,s,2024-02-04 10:21:45Z,0.045314917,0.045801907,0.001707679,0.043098958,0.052848042,93
100000,get_components,ecs-lua,kb,2024-02-04 10:22:21Z,22656.25,22656.25,0,22656.25,22656.25,93
100000,get_components,concord,s,2024-02-04 10:22:57Z,0.0027595,0.00277599,0.000073359,0.002668458,0.003043792,99
100000,get_components,concord,kb,2024-02-04 10:23:08Z,0.0001,0.0046,0.0453,0.0001,0.4531,100
100000,get_components,echoes,s,2024-02-04 10:23:20Z,0.000030917,0.000034473,0.000007871,0.00002975,0.000089208,97
100000,get_components,echoes,kb,2024-02-04 10:23:35Z,0.0001,0.0048,0.046,0.0001,0.4531,97
100000,get_components,tinyecs,s,2024-02-04 10:23:50Z,0.001562541,0.001587741,0.000085124,0.001474583,0.001888208,100
100000,get_components,tinyecs,kb,2024-02-04 10:23:54Z,0.0001,0.0055,0.0494,0.0001,0.4531,84
100000,add_component,lovetoys,s,2024-02-04 10:23:57Z,0.023579417,0.023603757,0.000673623,0.022941875,0.029073833,99
100000,add_component,lovetoys,kb,2024-02-04 10:24:05Z,28906.25,28906.25,0,28906.25,28906.25,99
100000,add_component,ecs-lua,s,2024-02-04 10:24:13Z,0.022989167,0.02294877,0.00043568,0.022385042,0.024199083,77
100000,add_component,ecs-lua,kb,2024-02-04 10:24:24Z,37500,37500,0,37500,37500,78
100000,add_component,concord,s,2024-02-04 10:24:35Z,0.008209646,0.008266439,0.000392676,0.007681208,0.009709292,100
100000,add_component,concord,kb,2024-02-04 10:24:42Z,25000,25000.0073,0.0527,25000,25000.4531,100
100000,add_component,echoes,s,2024-02-04 10:24:50Z,0.016613834,0.016642194,0.000314678,0.016295333,0.018508625,100
100000,add_component,echoes,kb,2024-02-04 10:24:59Z,82031.25,82031.2545,0.0453,82031.25,82031.7031,100
100000,add_component,tinyecs,s,2024-02-04 10:25:09Z,0.002541708,0.002556353,0.00004558,0.002486083,0.0027775,113
100000,add_component,tinyecs,kb,2024-02-04 10:25:11Z,15625,15625.0097,0.0596,15625,15625.4531,111
100000,add_components,lovetoys,s,2024-02-04 10:25:13Z,0.071059271,0.071166216,0.00135907,0.069734875,0.07867525,100
100000,add_components,lovetoys,kb,2024-02-04 10:25:28Z,78125,78125,0,78125,78125,99
100000,add_components,ecs-lua,s,2024-02-04 10:25:43Z,0.079193833,0.07918686,0.001092732,0.077635125,0.084106208,87
100000,add_components,ecs-lua,kb,2024-02-04 10:26:03Z,133593.75,133593.75,0,133593.75,133593.75,85
100000,add_components,concord,s,2024-02-04 10:26:23Z,0.023285333,0.023592952,0.001118958,0.021991333,0.026866,99
100000,add_components,concord,kb,2024-02-04 10:26:38Z,75000,75000.0046,0.0458,75000,75000.4531,98
100000,add_components,echoes,s,2024-02-04 10:26:51Z,0.045418521,0.045395201,0.000875546,0.0444295,0.050197667,100
100000,add_components,echoes,kb,2024-02-04 10:27:08Z,124218.75,124218.75,0,124218.75,124218.75,100
100000,add_components,tinyecs,s,2024-02-04 10:27:24Z,0.006537979,0.006572509,0.000088683,0.006437125,0.006836417,88
100000,add_components,tinyecs,kb,2024-02-04 10:27:27Z,31250,31250.0095,0.0621,31250,31250.4531,85
100000,remove_component,lovetoys,s,2024-02-04 10:27:31Z,0.005700396,0.005867814,0.000358153,0.005465667,0.006969417,100
100000,remove_component,lovetoys,kb,2024-02-04 10:27:45Z,0.0001,0.0047,0.0455,0.0001,0.4531,99
100000,remove_component,ecs-lua,s,2024-02-04 10:28:00Z,0.030500041,0.031128226,0.003310487,0.027512208,0.052206875,100
100000,remove_component,ecs-lua,kb,2024-02-04 10:28:34Z,17187.5,17187.5,0,17187.5,17187.5,90
100000,remove_component,concord,s,2024-02-04 10:29:06Z,0.041814084,0.041879569,0.001471745,0.039077417,0.049193333,100
100000,remove_component,concord,kb,2024-02-04 10:29:25Z,4095.9609,4096.0682,0.3116,4095.9609,4096.9883,100
100000,remove_component,echoes,s,2024-02-04 10:29:44Z,0.038327063,0.038534212,0.000439584,0.037678583,0.03938325,100
100000,remove_component,echoes,kb,2024-02-04 10:30:03Z,0.0001,0.0001,0,0.0001,0.0001,100
100000,remove_component,tinyecs,s,2024-02-04 10:30:22Z,0.000930667,0.000948909,0.000071501,0.000869417,0.001171417,89
100000,remove_component,tinyecs,kb,2024-02-04 10:30:25Z,0.0001,0.0087,0.0589,0.0001,0.4531,93
100000,remove_components,lovetoys,s,2024-02-04 10:30:28Z,0.006235042,0.006336865,0.000285982,0.005953417,0.007092,100
100000,remove_components,lovetoys,kb,2024-02-04 10:30:42Z,0.0001,0.0046,0.0453,0.0001,0.4531,100
100000,remove_components,ecs-lua,s,2024-02-04 10:30:57Z,0.043384688,0.044256494,0.003192058,0.042415625,0.067760458,100
100000,remove_components,ecs-lua,kb,2024-02-04 10:31:34Z,21093.75,21093.75,0,21093.75,21093.75,100
100000,remove_components,concord,s,2024-02-04 10:32:12Z,0.033363479,0.033506763,0.001489736,0.030947333,0.037386333,62
100000,remove_components,concord,kb,2024-02-04 10:32:28Z,4095.9609,4096.0541,0.2878,4095.9609,4096.9883,100
100000,remove_components,echoes,s,2024-02-04 10:32:57Z,0.090963958,0.090954256,0.001119075,0.088913417,0.093851708,99
100000,remove_components,echoes,kb,2024-02-04 10:33:21Z,0.0001,0.0001,0,0.0001,0.0001,100
100000,remove_components,tinyecs,s,2024-02-04 10:33:45Z,0.001146875,0.001168562,0.000108837,0.000990417,0.001504833,86
100000,remove_components,tinyecs,kb,2024-02-04 10:33:48Z,0.0001,0.0083,0.0558,0.0001,0.4531,89
100000,system_update,lovetoys,s,2024-02-04 10:33:51Z,0.006376208,0.006410278,0.000213573,0.006115333,0.007488417,155
100000,system_update,lovetoys,kb,2024-02-04 10:33:52Z,0.0001,0.004,0.0345,0.0001,0.332,154
100000,system_update,ecs-lua,s,2024-02-04 10:33:54Z,0.0119895,0.012049339,0.008191932,0.00000075,0.028549458,100
100000,system_update,ecs-lua,kb,2024-02-04 10:33:56Z,8595.0391,8508.9936,5663.5697,0.2109,17190.832,100
100000,system_update,concord,s,2024-02-04 10:33:58Z,0.003463833,0.003527729,0.000242198,0.003199667,0.004260333,283
100000,system_update,concord,kb,2024-02-04 10:33:59Z,0.0001,0.0181,0.2192,0.0001,3.5195,271
100000,system_update,echoes,s,2024-02-04 10:34:01Z,0.005253375,0.005752812,0.001720724,0.004729,0.014515792,173
100000,system_update,echoes,kb,2024-02-04 10:34:04Z,0.0938,0.1237,0.197,0.0938,1.5039,131
100000,system_update,tinyecs,s,2024-02-04 10:34:05Z,0.001152333,0.001231593,0.000253462,0.00100425,0.004452458,811
100000,system_update,tinyecs,kb,2024-02-04 10:34:06Z,0.0001,0.0044,0.1311,0.0001,4.0078,935
